{"cameraMode":{"drawMode":0,"name":"Shaded","section":"Shading Mode"},"sceneLighting":true,"audioPlay":false,"sceneViewState":{"m_AlwaysRefresh":false,"showFog":true,"showSkybox":true,"showFlares":true,"showImageEffects":true,"showParticleSystems":true,"showVisualEffectGraphs":true,"m_FxEnabled":true},"in2DMode":false,"pivot":{"x":-16.492582321166993,"y":1.6290621757507325,"z":-17.365842819213868},"rotation":{"x":0.004223532509058714,"y":0.6676880717277527,"z":0.003814137075096369,"w":-0.7444443106651306},"size":10.198875427246094,"orthographic":false}